Dienststelle;Betriebs-Nr;Antrags-Nr;Antrags-Jahr;Produktart;Menge Flasche;Menge Fass;Gesamtmenge AP;Alkohol vorh;Restzucker;Gesamtsäure;Alkohol ges;Gewichtsverhältnis;Cuvee-Nr;Jahrgang;Herkunft;Rebsorte 1;Rebsorte 2;Rebsorte 3;Qualität;Weinart;Geschmack beantr;Abfüllart;Ausbauart;Classic_Selection;Gärverfahren;Gütezeichen;Hochgewächs;Lageprofil;Sonderbezeichnung;Sonderherkunft;Bezeichnung Z1;Bezeichnung Z2;Bezeichnung Z3;Geschmack gesetzl;QP QZ;Ergebnis;Begründung;Bescheiddatum;Präm Auszeichnung;Präm QZ;Präm Datum;Rücknahme
5;021067;0001;2014;W;3775;0;3775;102.7;4.9;8.3;105;0.9942;;2013;Pfalz;Riesling;;;Qualitätswein;Weißwein;trocken;Gutsabfüllung;;;;;;;;;2013 Pfalz ;Riesling Qualitätswein trocken;Gutsabfüllung;trocken;2.83;stattgegeben;;2014-02-11;Silber;4;2014-02-27;
5;021067;0002;2014;W;3855;0;3855;96.8;15.4;8.5;104;0.9993;;2013;Pfalz;Riesling;;;Qualitätswein;Weißwein;ohne Geschmacksangabe;Gutsabfüllung;;;;;;;;;2013 Pfalz ;Riesling Qualitätswein ;Gutsabfüllung;halbtrocken;2.61;stattgegeben;;2014-02-11;Bronze;3.83;2014-02-27;
5;021067;0003;2014;W;1795;0;1795;98;13.4;8.3;104.3;0.9982;;2013;Pfalz;Riesling;;;Qualitätswein;Weißwein;ohne Geschmacksangabe;Gutsabfüllung;;Classic;;;;;;;2013 Pfalz ;Riesling Qualitätswein Classic ;Gutsabfüllung;halbtrocken;2.45;stattgegeben;;2014-02-11;Bronze;3.71;2014-02-27;
5;021067;0004;2014;W;3730;0;3730;81.3;30.4;5.4;95.6;1.0072;;2012;Pfalz;Portugieser;;;Qualitätswein;Rotwein;ohne Geschmacksangabe;Gutsabfüllung;;;;;;;;;2012 Pfalz ;Portugieser Rotwein Qualitätswein ;Gutsabfüllung;lieblich;2.53;stattgegeben;;2014-02-14;;;;
5;021067;0005;2014;W;1510;0;1510;101.9;6.8;5.5;105.1;0.9962;;2011;Pfalz;;;;Qualitätswein;Rotwein;ohne Geschmacksangabe;Gutsabfüllung;;;;;;;;;2011 Pfalz ;Rotwein Qualitätswein ;Gutsabfüllung;trocken;2.63;stattgegeben;;2014-02-14;Bronze;3.63;2014-02-27;
5;021067;0006;2014;W;2890;0;2890;100.5;14.1;6.3;107.1;0.9964;;2012;Pfalz;Kerner;;;Qualitätswein;Weißwein;ohne Geschmacksangabe;Gutsabfüllung;;;;;;;;;2012 Pfalz ;Kerner Qualitätswein ;Gutsabfüllung;halbtrocken;2.23;stattgegeben;;2014-02-14;;;;
5;021067;0007;2014;W;2545;0;2545;80.7;27.1;7;93.4;1.0058;;2013;Pfalz;Portugieser;;;Qualitätswein;Weißherbst;ohne Geschmacksangabe;Gutsabfüllung;;;;;;;;;2013 Pfalz ;Portugieser Weißherbst Qualitätswein ;Gutsabfüllung;lieblich;3.25;stattgegeben;;2014-03-11;Silber;4.25;2014-04-09;
5;021067;0008;2014;W;880;0;880;101;5.2;7.8;103.4;0.9942;;2013;Pfalz;Sauvignon blanc;;;Qualitätswein;Weißwein;ohne Geschmacksangabe;Gutsabfüllung;;;;;;;;;2013 Pfalz ;Sauvignon blanc Qualitätswein ;Gutsabfüllung;trocken;3.09;stattgegeben;;2014-03-11;Silber;4.17;2014-04-09;
5;021067;0009;2014;W;3075;0;3075;101.2;7;7.7;104.5;0.9956;;2013;Pfalz;Chardonnay;;;Qualitätswein;Weißwein;ohne Geschmacksangabe;Gutsabfüllung;;;;;;;;;2013 Pfalz ;Chardonnay Qualitätswein ;Gutsabfüllung;trocken;2.78;stattgegeben;;2014-03-11;Silber;4.13;2014-04-09;
5;021067;0010;2014;W;2280;0;2280;91.1;14.6;8.4;98;1.0004;;2013;Pfalz;Saint Laurent;;;Qualitätswein;Rosé;halbtrocken;Schlossabfüllung;;;;;;;;;2013 Pfalz ;Saint Laurent Rosé Qualitätswein halbtrocken;Schlossabfüllung;halbtrocken;2.44;stattgegeben;;2014-03-27;Silber;4;2014-07-03;
5;021067;0011;2014;W;5740;0;5740;84.9;31.8;5.7;99.8;1.0084;;2012;Pfalz;Dornfelder;;;Qualitätswein;Rotwein;ohne Geschmacksangabe;Gutsabfüllung;;;;;;;;;2012 Pfalz ;Dornfelder Rotwein Qualitätswein ;Gutsabfüllung;lieblich;2;stattgegeben;;2014-03-27;;;;
5;021067;0012;2014;W;2225;0;2225;94.3;13.1;6.5;100.5;0.9964;;2013;Pfalz;Rivaner;;;Qualitätswein;Weißwein;halbtrocken;Gutsabfüllung;;;;;;;;;2013 Pfalz ;Rivaner Qualitätswein halbtrocken;Gutsabfüllung;halbtrocken;2.21;stattgegeben;;2014-05-06;Silber;4;2014-07-03;
5;021067;0013;2014;W;3475;0;3475;98.8;5;5.2;101.2;0.9957;;2012;Pfalz;Dornfelder;;;Qualitätswein;Rotwein;trocken;Gutsabfüllung;;;;;;;;;2012 Pfalz ;Dornfelder Rotwein Qualitätswein trocken;Gutsabfüllung;trocken;2.72;stattgegeben;;2014-05-06;Bronze;3.75;2014-07-03;
5;021067;0014;2014;W;2035;0;2035;100.9;5.7;5.3;103.6;0.9959;;2012;Pfalz;Cabernet Sauvignon;;;Qualitätswein;Rotwein;ohne Geschmacksangabe;Gutsabfüllung;;;;;;;;;2012 Pfalz ;Cabernet Sauvignon Rotwein Qualitätswein ;Gutsabfüllung;trocken;1.72;stattgegeben;;2014-05-06;;3.38;2015-01-29;
5;021067;0015;2014;W;3780;0;3780;109.2;9;7.2;113.4;0.9947;;2013;Pfalz;Grauburgunder;;;Qualitätswein;Weißwein;ohne Geschmacksangabe;Gutsabfüllung;;Classic;;;;;;;2013 Pfalz ;Grauburgunder Qualitätswein Classic ;Gutsabfüllung;trocken;2.28;stattgegeben;;2014-05-14;Silber;4.04;2014-08-11;
5;021067;0016;2014;W;1100;0;1100;99.4;2.4;6.9;100.5;0.9931;;2013;Pfalz;Grüner Silvaner;;;Qualitätswein;Weißwein;trocken;Gutsabfüllung;;;;;;;;;2013 Pfalz ;Grüner Silvaner Qualitätswein trocken;Gutsabfüllung;trocken;2.46;stattgegeben;;2014-05-14;Silber;4;2014-07-03;
5;021067;0017;2014;W;1475;0;1475;87.4;24.2;5.8;98.8;1.0025;;;Pfalz;;;;Qualitätswein;Weißwein;lieblich;Gutsabfüllung;;;;;;;;;Pfalz ;Qualitätswein lieblich;Gutsabfüllung;lieblich;1.94;stattgegeben;;2014-05-16;;;;
5;021067;0018;2014;W;1480;0;1480;93.9;12.7;5.8;99.9;0.997;;;Pfalz;;;;Qualitätswein;Weißwein;ohne Geschmacksangabe;;;;;;;;;;Pfalz ;Qualitätswein ;;halbtrocken;1.83;stattgegeben;;2014-05-16;;;;
5;021067;0019;2014;W;2540;0;2540;91.7;20.6;5.2;101.4;1.0052;;2012;Pfalz;Spätburgunder;;;Qualitätswein;Rotwein;ohne Geschmacksangabe;Gutsabfüllung;;;;;;;;;2012 Pfalz ;Spätburgunder Rotwein Qualitätswein ;Gutsabfüllung;lieblich;2.39;stattgegeben;;2014-05-14;Silber;4.04;2014-07-03;
5;021067;0020;2014;W;2975;0;2975;98.3;12.6;6.2;104.2;0.9962;;2013;Pfalz;Müller-Thurgau;;;Qualitätswein;Weißwein;halbtrocken;Gutsabfüllung;;;;;;;;;2013 Pfalz ;Müller-Thurgau Qualitätswein halbtrocken;Gutsabfüllung;halbtrocken;2.25;stattgegeben;;2014-07-01;;;;
5;021067;0021;2014;W;1930;0;1930;88.9;32.3;6.7;104.1;1.0058;;2013;Pfalz;Dornfelder;;;Qualitätswein;Rosé;ohne Geschmacksangabe;Gutsabfüllung;;;;;;;;;2013 Pfalz ;Dornfelder Rosé Qualitätswein ;Gutsabfüllung;lieblich;2.22;stattgegeben;;2014-07-01;Gold;4.58;2014-08-11;
5;021067;0022;2014;W;5945;0;5945;80.6;29.1;6.7;94.3;1.0069;;2013;Pfalz;Portugieser;;;Qualitätswein;Weißherbst;ohne Geschmacksangabe;Gutsabfüllung;;;;;;;;;2013 Pfalz ;Portugieser Weißherbst Qualitätswein ;Gutsabfüllung;lieblich;2.22;stattgegeben;;2014-07-01;Silber;4.25;2014-08-11;
5;021067;0023;2014;W;1060;0;1060;80.1;30.5;6.5;94.4;1.0086;;2013;Edesheimer Rosengarten;Gewürztraminer;;;Qualitätswein;Weißwein;ohne Geschmacksangabe;Gutsabfüllung;;;;;;;;;2013 Edesheimer Rosengarten Pfalz ;Gewürztraminer Qualitätswein ;Gutsabfüllung;lieblich;3.21;stattgegeben;;2014-07-01;Bronze;3.88;2014-08-11;
5;021067;0024;2014;W;2970;0;2970;83.7;28.5;6.8;97.1;1.0054;;2013;Pfalz;Morio-Muskat;;;Qualitätswein;Weißwein;ohne Geschmacksangabe;Gutsabfüllung;;;;;;;;;2013 Pfalz ;Morio-Muskat Qualitätswein ;Gutsabfüllung;lieblich;2.33;stattgegeben;;2014-07-23;Silber;4.04;2014-10-01;
5;021067;0025;2014;W;2640;0;2640;90;28.1;6.8;103.2;1.0034;;2013;Pfalz;Bacchus;;;Qualitätswein;Weißwein;ohne Geschmacksangabe;Gutsabfüllung;;;;;;;;;2013 Pfalz ;Bacchus Qualitätswein ;Gutsabfüllung;lieblich;2.17;stattgegeben;;2014-07-23;Gold;4.5;2014-10-01;
5;021067;0026;2014;W;6370;0;6370;95.2;16.3;8.1;102.9;0.999;;2013;Pfalz;Riesling;;;Qualitätswein;Weißwein;ohne Geschmacksangabe;Gutsabfüllung;;;;;;;;;2013 Pfalz ;Riesling Qualitätswein ;Gutsabfüllung;halbtrocken;2.22;stattgegeben;;2014-07-23;;3.38;2014-10-01;
5;021067;0027;2014;W;5075;0;5075;102.1;5;8;104.5;0.9935;;2013;Pfalz;Riesling;;;Qualitätswein;Weißwein;trocken;Gutsabfüllung;;;;;;;;;2013 Pfalz ;Riesling Qualitätswein trocken;Gutsabfüllung;trocken;2.72;stattgegeben;;2014-07-23;Silber;4.04;2014-10-01;
5;021067;0028;2014;W;5010;0;5010;81.3;29.2;5.5;95;1.0071;;2013;Pfalz;Portugieser;;;Qualitätswein;Rotwein;ohne Geschmacksangabe;Gutsabfüllung;;;;;;;;;2013 Pfalz ;Portugieser Rotwein Qualitätswein ;Gutsabfüllung;lieblich;2;stattgegeben;;2014-07-29;;;;
5;021067;0029;2014;W;1895;0;1895;101.6;15.4;7.8;108.8;0.9983;;2013;Pfalz;Spätburgunder;;;Qualitätswein;blanc de noir;ohne Geschmacksangabe;Gutsabfüllung;;;;;;;;;2013 Pfalz ;Spätburgunder Qualitätswein ;Gutsabfüllung;halbtrocken;3.11;stattgegeben;;2014-07-23;Silber;4.25;2014-10-01;
5;021067;0030;2014;W;1405;0;1405;98.4;11.4;7.1;103.8;0.9964;;2013;Pfalz;Weißer Burgunder;;;Qualitätswein;Weißwein;ohne Geschmacksangabe;Gutsabfüllung;;Classic;;;;;;;2013 Pfalz ;Weißer Burgunder Qualitätswein Classic ;Gutsabfüllung;halbtrocken;2.78;stattgegeben;;2014-07-23;Silber;4.29;2014-10-01;
5;021067;0031;2014;W;2810;0;2810;90.8;14.3;8.1;97.5;1.0003;;2013;Pfalz;Saint Laurent;;;Qualitätswein;Rosé;halbtrocken;Gutsabfüllung;;;;;;;;;2013 Pfalz ;Saint Laurent Rosé Qualitätswein halbtrocken;Gutsabfüllung;halbtrocken;2.61;stattgegeben;;2014-09-11;Silber;4.17;2014-10-01;
5;021067;0032;2014;W;2920;0;2920;103.6;2.9;6.1;105;0.9918;;2013;Pfalz;Müller-Thurgau;;;Qualitätswein;Weißwein;trocken;Gutsabfüllung;;;;;;;;;2013 Pfalz ;Müller-Thurgau Qualitätswein trocken;Gutsabfüllung;trocken;2.33;stattgegeben;;2014-09-11;;;;
5;021067;0033;2014;W;2840;0;2840;91.7;23.9;6.1;102.9;1.0017;;2013;Pfalz;Müller-Thurgau;;;Qualitätswein;Weißwein;ohne Geschmacksangabe;Gutsabfüllung;;;;;;;;;2013 Pfalz ;Müller-Thurgau Qualitätswein ;Gutsabfüllung;lieblich;3;stattgegeben;;2014-09-11;Bronze;3.63;2014-10-01;
5;021067;0034;2014;W;2735;0;2735;92.8;5.3;5.6;95.3;0.9968;;2013;Pfalz;Portugieser;;;Qualitätswein;Rotwein;trocken;Gutsabfüllung;;;;;;;;;2013 Pfalz ;Portugieser Rotwein Qualitätswein trocken;Gutsabfüllung;trocken;2.28;stattgegeben;;2014-09-11;;;;
5;021067;0035;2014;W;1540;0;1540;97.4;21.7;6.7;107.6;1.0013;;2013;Pfalz;Scheurebe;;;Qualitätswein;Weißwein;ohne Geschmacksangabe;Gutsabfüllung;;;;;;;;;2013 Pfalz ;Scheurebe Qualitätswein ;Gutsabfüllung;lieblich;3.83;stattgegeben;;2014-09-11;Gold;4.5;2014-10-01;
5;021067;0036;2014;W;820;0;820;96.7;9.9;6.9;101.4;0.9965;;2013;Ilbesheimer Kalmit;Grüner Silvaner;;;Qualitätswein;Weißwein;ohne Geschmacksangabe;Gutsabfüllung;;;;;;;;;2013 Ilbesheimer Kalmit Pfalz ;Grüner Silvaner Qualitätswein ;Gutsabfüllung;halbtrocken;3.34;stattgegeben;;2014-10-15;Bronze;3.88;2015-01-29;
5;021067;0037;2014;W;3930;0;3930;80.1;29.7;6.7;94.1;1.0074;;2013;Pfalz;Portugieser;;;Qualitätswein;Weißherbst;ohne Geschmacksangabe;Gutsabfüllung;;;;;;;;;2013 Pfalz ;Portugieser Weißherbst Qualitätswein ;Gutsabfüllung;lieblich;2.95;stattgegeben;;2014-10-15;;;;
5;021067;0038;2014;W;4665;0;4665;85.9;29.5;5.5;99.8;1.0075;;2012;Pfalz;Dornfelder;;;Qualitätswein;Rotwein;ohne Geschmacksangabe;Gutsabfüllung;;;;;;;;;2012 Pfalz ;Dornfelder Rotwein Qualitätswein ;Gutsabfüllung;lieblich;3.06;stattgegeben;;2014-10-15;;;;
5;021067;0039;2014;W;1226;0;1226;94.3;15.4;6.9;101.5;0.9991;;2013;Pfalz;Grüner Silvaner;;;Qualitätswein;Weißwein;ohne Geschmacksangabe;Gutsabfüllung;;;;;;;;;2013 Pfalz ;Grüner Silvaner Qualitätswein ;Gutsabfüllung;halbtrocken;3.67;stattgegeben;;2014-10-15;Silber;4.21;2015-01-29;
5;021067;0040;2014;W;1095;0;1095;88.1;27;6.2;100.8;1.0033;;2014;Pfalz;Bacchus;;;Qualitätswein;Weißwein;ohne Geschmacksangabe;Gutsabfüllung;;;;;;;;;2014 Pfalz ;Bacchus Qualitätswein ;Gutsabfüllung;lieblich;2.94;stattgegeben;;2014-10-21;Gold;4.5;2015-01-29;
5;021067;0042;2014;W;620;0;620;102;10.1;7.2;106.7;0.996;;2014;Pfalz;Grauer Burgunder;;;Qualitätswein;Weißwein;ohne Geschmacksangabe;Gutsabfüllung;;Classic;;;;;;;2014 Pfalz ;Grauer Burgunder Qualitätswein Classic ;Gutsabfüllung;halbtrocken;2.22;stattgegeben;;2014-10-21;;;;
5;021067;0043;2014;W;2160;0;2160;78.2;36.3;7.4;95.3;1.0105;;2014;Edesheimer Rosengarten;Riesling;;;Spätlese;Weißwein;ohne Geschmacksangabe;Gutsabfüllung;;;;;;;;;2014 Edesheimer Rosengarten Pfalz ;Riesling Spätlese ;Gutsabfüllung;lieblich;2.78;stattgegeben;;2014-11-27;Silber;4.38;2015-01-29;
5;021067;0044;2014;W;2330;0;2330;95.8;5.2;7.2;98.2;0.9953;;2014;Edesheimer Rosengarten;Riesling;;;Spätlese;Weißwein;trocken;Gutsabfüllung;;;;;;;;;2014 Edesheimer Rosengarten Pfalz ;Riesling Spätlese trocken;Gutsabfüllung;trocken;3.28;stattgegeben;;2014-11-27;Bronze;3.83;2015-01-29;
5;021067;0045;2014;W;870;0;870;83;32.6;6.9;98.3;1.0094;;2014;Edesheimer Ordensgut;Weißer Burgunder;;;Spätlese;Weißwein;ohne Geschmacksangabe;Gutsabfüllung;;;;;;;;;2014 Edesheimer Ordensgut Pfalz ;Weißer Burgunder Spätlese ;Gutsabfüllung;lieblich;2.89;stattgegeben;;2014-11-27;Silber;4.04;2015-01-29;
5;021067;0046;2014;W;1680;0;1680;101.7;4.2;8;103.7;0.9934;;2013;Pfalz;Riesling;;;Qualitätswein;Weißwein;trocken;Gutsabfüllung;;;;;;;;;2013 Pfalz ;Riesling Qualitätswein trocken;Gutsabfüllung;trocken;2.46;stattgegeben;;2014-11-27;Silber;4;2015-01-29;
5;021067;0047;2014;W;2180;0;2180;101.3;11.1;7.4;106.5;0.9968;;2014;Pfalz;Grauer Burgunder;;;Qualitätswein;Weißwein;ohne Geschmacksangabe;Gutsabfüllung;;Classic;;;;;;;2014 Pfalz ;Grauer Burgunder Qualitätswein Classic ;Gutsabfüllung;halbtrocken;2.61;stattgegeben;;2014-11-27;Bronze;3.88;2015-01-29;
5;021067;0048;2014;W;2580;0;2580;83.5;34.8;7.3;99.9;1.0085;;2013;Ilbesheimer Rittersberg;Huxelrebe;;;Qualitätswein;Weißwein;ohne Geschmacksangabe;Gutsabfüllung;;;;;;;;;2013 Ilbesheimer Rittersberg Pfalz ;Huxelrebe Qualitätswein ;Gutsabfüllung;lieblich;2.83;stattgegeben;;2014-11-27;Silber;4.21;2015-01-29;
5;021067;0049;2014;W;1785;0;1785;97.3;12.6;8.1;103.2;0.9974;;2013;Pfalz;Riesling;;;Qualitätswein;Weißwein;ohne Geschmacksangabe;Gutsabfüllung;;Classic;;;;;;;2013 Pfalz ;Riesling Qualitätswein Classic ;Gutsabfüllung;halbtrocken;2.5;stattgegeben;;2014-11-27;Silber;4.08;2015-01-29;
5;021067;1300;2014;W;2775;0;2775;106.4;4.7;6.9;108.6;0.993;;2013;Edesheimer Ordensgut;Grauer Burgunder;;;Qualitätswein;Weißwein;trocken;;;;;;;;;;2013 Edesheimer Ordensgut Pfalz ;Grauer Burgunder Qualitätswein trocken;;trocken;2.27;stattgegeben;;2014-02-14;Bronze;3.58;2014-02-27;
5;021067;0001;2015;W;2610;0;2610;95.7;6.8;7.7;98.9;0.9962;;2014;Pfalz;Chardonnay;;;Qualitätswein;Weißwein;ohne Geschmacksangabe;Gutsabfüllung;;;;;;;;;2014 Pfalz ;Chardonnay Qualitätswein ;Gutsabfüllung;trocken;2.56;stattgegeben;;2015-01-29;Bronze;3.83;2015-04-08;
5;021067;0002;2015;W;2620;0;2620;89.8;14.4;5.6;96.6;1.0006;;2013;Pfalz;Saint Laurent;;;Qualitätswein;Rotwein;ohne Geschmacksangabe;Gutsabfüllung;;;;;;;;;2013 Pfalz ;Saint Laurent Rotwein Qualitätswein ;Gutsabfüllung;halbtrocken;2.29;stattgegeben;;2015-01-29;Silber;4;2015-04-08;
5;021067;0003;2015;W;3245;0;3245;89;17.1;5.3;97;1.0033;;2013;Pfalz;Dunkelfelder;;;Qualitätswein;Rotwein;ohne Geschmacksangabe;Gutsabfüllung;;;;;;;;;2013 Pfalz ;Dunkelfelder Rotwein Qualitätswein ;Gutsabfüllung;lieblich;2.83;stattgegeben;;2015-01-29;Silber;4.13;2015-04-08;
5;021067;0004;2015;W;1355;0;1355;97.5;18;5.3;106;1.0025;;2012;Pfalz;Regent;;;Qualitätswein;Rotwein;ohne Geschmacksangabe;Gutsabfüllung;;;;;;;;;2012 Pfalz ;Regent Rotwein Qualitätswein ;Gutsabfüllung;lieblich;2.13;stattgegeben;;2015-01-29;Silber;4;2015-04-08;
5;021067;0005;2015;W;3550;0;3550;101.1;5.6;5.5;103.7;0.9954;;2013;Pfalz;Dornfelder;;;Qualitätswein;Rotwein;trocken;Gutsabfüllung;;;;;;;;;2013 Pfalz ;Dornfelder Rotwein Qualitätswein trocken;Gutsabfüllung;trocken;2.5;stattgegeben;;2015-03-03;;;;
5;021067;0006;2015;W;4805;0;4805;87.9;31;5.7;102.5;1.0072;;2013;Pfalz;Dornfelder;;;Qualitätswein;Rotwein;ohne Geschmacksangabe;Gutsabfüllung;;;;;;;;;2013 Pfalz ;Dornfelder Rotwein Qualitätswein ;Gutsabfüllung;lieblich;2.22;stattgegeben;;2015-03-03;;;;
5;021067;0007;2015;W;3760;0;3760;88;27.4;5.2;100.9;1.0055;;2014;Pfalz;Portugieser;;;Qualitätswein;Rotwein;ohne Geschmacksangabe;Gutsabfüllung;;;;;;;;;2014 Pfalz ;Portugieser Rotwein Qualitätswein ;Gutsabfüllung;lieblich;1.89;stattgegeben;;2015-03-03;;;;
5;021067;0008;2015;W;4870;0;4870;102.7;10.1;7.3;107.4;0.9958;;2014;Pfalz;Grauer Burgunder;;;Qualitätswein;Weißwein;ohne Geschmacksangabe;Gutsabfüllung;;Classic;;;;;;;2014 Pfalz ;Grauer Burgunder Qualitätswein Classic ;Gutsabfüllung;halbtrocken;2.71;stattgegeben;;2015-03-11;Silber;4.13;2015-04-08;
5;021067;0009;2015;W;1550;0;1550;83.4;28.5;6.1;96.8;1.0069;;2014;Edesheimer Ordensgut;Gewürztraminer;;;Kabinett;Weißwein;ohne Geschmacksangabe;Gutsabfüllung;;;;;;;;;2014 Edesheimer Ordensgut Pfalz ;Gewürztraminer Kabinett ;Gutsabfüllung;lieblich;2.75;stattgegeben;;2015-03-11;Bronze;3.88;2015-04-08;
5;021067;0010;2015;W;1950;0;1950;95.8;13.4;6.7;102.1;0.998;;2014;Pfalz;Huxelrebe;;;Qualitätswein;Weißwein;halbtrocken;Gutsabfüllung;;;;;;;;;2014 Pfalz ;Huxelrebe Qualitätswein halbtrocken;Gutsabfüllung;halbtrocken;2.46;stattgegeben;;2015-03-11;;;;
5;021067;0011;2015;W;1135;0;1135;101;6.3;7.6;104;0.994;;2014;Edesheimer Ordensgut;Sauvignon blanc;;;Qualitätswein;Weißwein;trocken;Gutsabfüllung;;;;;;;;;2014 Edesheimer Ordensgut Pfalz ;Sauvignon blanc Qualitätswein trocken;Gutsabfüllung;trocken;2.61;stattgegeben;;2015-03-13;Silber;4.04;2015-04-08;
5;021067;0012;2015;W;2130;0;2130;96.2;14.7;5.9;103.1;0.9972;;2013;Pfalz;Müller-Thurgau;;;Qualitätswein;Weißwein;halbtrocken;Gutsabfüllung;;;;;;;;;2013 Pfalz ;Müller-Thurgau Qualitätswein halbtrocken;Gutsabfüllung;halbtrocken;2.46;stattgegeben;;2015-03-17;;;;
5;021067;0013;2015;W;1880;0;1880;85.7;29;6.5;99.3;1.0059;;2014;Pfalz;Dornfelder;;;Qualitätswein;Rosé;ohne Geschmacksangabe;Gutsabfüllung;;;;;;;;;2014 Pfalz ;Dornfelder Rosé Qualitätswein ;Gutsabfüllung;lieblich;3.11;stattgegeben;;2015-03-17;Silber;4.17;2015-05-11;
5;021067;0014;2015;W;7150;0;7150;83.7;34.4;6.7;99.9;1.0085;;2014;Pfalz;Portugieser;;;Qualitätswein;Weißherbst;ohne Geschmacksangabe;Gutsabfüllung;;;;;;;;;2014 Pfalz ;Portugieser Weißherbst Qualitätswein ;Gutsabfüllung;lieblich;3.28;stattgegeben;;2015-03-17;;3.25;2015-05-11;
5;021067;0015;2015;W;1305;0;1305;87.7;27.3;6.4;100.5;1.004;;2014;Pfalz;Morio-Muskat;;;Qualitätswein;Weißwein;ohne Geschmacksangabe;Gutsabfüllung;;;;;;;;;2014 Pfalz ;Morio-Muskat Qualitätswein ;Gutsabfüllung;lieblich;2.75;stattgegeben;;2015-04-21;Silber;4.04;2015-07-03;
5;021067;0016;2015;W;2930;0;2930;89.2;26.5;6;101.7;1.0029;;2014;Pfalz;Bacchus;;;Qualitätswein;Weißwein;ohne Geschmacksangabe;Gutsabfüllung;;;;;;;;;2014 Pfalz ;Bacchus Qualitätswein ;Gutsabfüllung;lieblich;2.92;stattgegeben;;2015-04-21;Gold;4.5;2015-07-03;
5;021067;0017;2015;W;1780;0;1780;93.5;14.8;6.4;100.5;0.9979;;2014;Pfalz;Kerner;;;Qualitätswein;Weißwein;ohne Geschmacksangabe;Gutsabfüllung;;;;;;;;;2014 Pfalz ;Kerner Qualitätswein ;Gutsabfüllung;halbtrocken;2.46;stattgegeben;;2015-05-27;;3.38;2015-07-03;
5;021067;0018;2015;W;5075;0;5075;92.3;17.4;7.6;100.5;0.9997;;2014;Pfalz;Riesling;;;Qualitätswein;Weißwein;ohne Geschmacksangabe;Gutsabfüllung;;;;;;;;;2014 Pfalz ;Riesling Qualitätswein ;Gutsabfüllung;halbtrocken;1.92;stattgegeben;;2015-05-27;;;;
5;021067;0019;2015;W;4830;0;4830;97.5;5.5;7.6;100.1;0.9942;;2014;Pfalz;Riesling;;;Qualitätswein;Weißwein;trocken;Gutsabfüllung;;;;;;;;;2014 Pfalz ;Riesling Qualitätswein trocken;Gutsabfüllung;trocken;2.5;stattgegeben;;2015-05-27;Silber;4.04;2015-07-03;
5;021067;0020;2015;W;1285;0;1285;95.4;11.4;7.3;100.8;0.9968;;2014;Edesheimer Ordensgut;Weißer Burgunder;;;Qualitätswein;Weißwein;ohne Geschmacksangabe;Gutsabfüllung;;;;;;;;;2014 Edesheimer Ordensgut Pfalz ;Weißer Burgunder Qualitätswein ;Gutsabfüllung;halbtrocken;2.55;stattgegeben;;2015-06-10;Bronze;3.88;2015-07-03;
5;021067;0021;2015;W;1475;0;1475;104.1;8;7.1;107.9;0.9945;;2014;Pfalz;Spätburgunder;;;Qualitätswein;blanc de noir;trocken;Gutsabfüllung;;;;;;;;;2014 Pfalz ;Spätburgunder Qualitätswein trocken;Gutsabfüllung;trocken;3.06;stattgegeben;;2015-06-10;Silber;4.25;2015-07-03;
5;021067;0022;2015;W;1530;0;1530;100;6.2;5.4;102.9;0.9973;;2013;Pfalz;Blauer Spätburgunder;;;Qualitätswein;Rotwein;trocken;Gutsabfüllung;im Fass gereift;;;;;;;;2013 Pfalz ;Blauer Spätburgunder Rotwein Qualitätswein trocken;Gutsabfüllung;trocken;2.55;stattgegeben;;2015-06-10;Bronze;3.63;2015-07-03;
5;021067;0023;2015;W;2535;0;2535;103.5;5.5;5.7;106.1;0.996;;;Pfalz;;;;Qualitätswein;Rotwein;trocken;Gutsabfüllung;im Fass gereift;;;;;;;;Pfalz ;Rotwein Qualitätswein trocken;Gutsabfüllung;trocken;2.67;stattgegeben;;2015-06-10;;;;
5;021067;0024;2015;W;1355;0;1355;97.3;13.4;5.5;103.6;0.999;;2013;Pfalz;Merlot;;;Qualitätswein;Rotwein;ohne Geschmacksangabe;Gutsabfüllung;im Fass gereift;;;;;;;;2013 Pfalz ;Merlot Rotwein Qualitätswein ;Gutsabfüllung;halbtrocken;2.11;stattgegeben;;2015-06-10;;3.25;2015-07-03;
5;021067;0025;2015;W;3020;0;3020;94.5;15.9;5.6;102;1.0019;;2013;Pfalz;Spätburgunder;;;Qualitätswein;Rotwein;ohne Geschmacksangabe;Gutsabfüllung;;;;;;;;;2013 Pfalz ;Spätburgunder Rotwein Qualitätswein ;Gutsabfüllung;lieblich;2.61;stattgegeben;;2015-06-10;Silber;4;2015-07-03;
5;021067;0026;2015;W;3720;0;3720;93.5;13.3;8.5;99.8;0.9994;;2014;Pfalz;Saint Laurent;;;Qualitätswein;Rosé;halbtrocken;Gutsabfüllung;;;;;;;;;2014 Pfalz ;Saint Laurent Rosé Qualitätswein halbtrocken;Gutsabfüllung;halbtrocken;3.29;stattgegeben;;2015-07-03;Bronze;3.83;2015-08-12;
5;021067;0027;2015;W;2040;0;2040;88;20.3;6.9;97.5;1.0014;;2014;Pfalz;Scheurebe;;;Qualitätswein;Weißwein;ohne Geschmacksangabe;Gutsabfüllung;;;;;;;;;2014 Pfalz ;Scheurebe Qualitätswein ;Gutsabfüllung;lieblich;2.96;stattgegeben;;2015-07-03;;3.38;2015-08-12;
5;021067;0028;2015;W;945;0;945;97.4;8.7;6.1;101.5;0.9953;;2014;Ilbesheimer Kalmit;Grüner Silvaner;;;Qualitätswein;Weißwein;ohne Geschmacksangabe;Gutsabfüllung;;;;;;;;;2014 Ilbesheimer Kalmit Pfalz ;Grüner Silvaner Qualitätswein ;Gutsabfüllung;halbtrocken;3;stattgegeben;;2015-07-03;Silber;4.25;2015-08-12;
5;021067;0029;2015;W;1535;0;1535;91.3;15.1;6.3;98.4;0.999;;2014;Pfalz;Grüner Silvaner;;;Qualitätswein;Weißwein;ohne Geschmacksangabe;Gutsabfüllung;;;;;;;;;2014 Pfalz ;Grüner Silvaner Qualitätswein ;Gutsabfüllung;halbtrocken;3.21;stattgegeben;;2015-07-03;Silber;4.21;2015-08-12;
5;021067;0030;2015;W;1930;0;1930;98.9;2.8;6.4;100.2;0.9929;;2014;Pfalz;Kerner;;;Qualitätswein;Weißwein;trocken;Gutsabfüllung;;;;;;;;;2014 Pfalz ;Kerner Qualitätswein trocken;Gutsabfüllung;trocken;2.96;stattgegeben;;2015-07-03;Silber;4.13;2015-08-12;
5;021067;0031;2015;W;4380;0;4380;86.1;28.6;5.4;99.5;1.0067;;2014;Pfalz;Dornfelder;;;Qualitätswein;Rotwein;ohne Geschmacksangabe;Gutsabfüllung;;;;;;;;;2014 Pfalz ;Dornfelder Rotwein Qualitätswein ;Gutsabfüllung;lieblich;2;stattgegeben;;2015-08-11;;;;
5;021067;0032;2015;W;6195;0;6195;87.6;27.6;5.3;100.6;1.0059;;2014;Pfalz;Portugieser;;;Qualitätswein;Rotwein;ohne Geschmacksangabe;Gutsabfüllung;;;;;;;;;2014 Pfalz ;Portugieser Rotwein Qualitätswein ;Gutsabfüllung;lieblich;2;stattgegeben;;2015-08-11;;;;
5;021067;0033;2015;W;2296;0;2296;95.7;7;7.6;99;0.9957;;2014;Pfalz;Chardonnay;;;Qualitätswein;Weißwein;ohne Geschmacksangabe;Gutsabfüllung;;;;;;;;;2014 Pfalz ;Chardonnay Qualitätswein ;Gutsabfüllung;trocken;3;stattgegeben;;2015-09-02;Silber;4.04;2015-11-26;
5;021067;0034;2015;W;730;0;730;99.6;6.2;7.3;102.5;0.9936;;2014;Edesheimer Ordensgut;Sauvignon blanc;;;Qualitätswein;Weißwein;ohne Geschmacksangabe;Gutsabfüllung;;;;;;;;;2014 Edesheimer Ordensgut Pfalz ;Sauvignon blanc Qualitätswein ;Gutsabfüllung;trocken;2.89;stattgegeben;;2015-09-02;Bronze;3.79;2015-11-26;
5;021067;0035;2015;W;5360;0;5360;83.8;33.6;6.6;99.6;1.008;;2014;Pfalz;Portugieser;;;Qualitätswein;Weißherbst;ohne Geschmacksangabe;Gutsabfüllung;;;;;;;;;2014 Pfalz ;Portugieser Weißherbst Qualitätswein ;Gutsabfüllung;lieblich;2.56;stattgegeben;;2015-09-02;Bronze;3.88;2016-02-02;
5;021067;0036;2015;W;2250;0;2250;88.1;28.1;6.2;101.3;1.0042;;2014;Pfalz;Bacchus;;;Qualitätswein;Weißwein;ohne Geschmacksangabe;Gutsabfüllung;;;;;;;;;2014 Pfalz ;Bacchus Qualitätswein ;Gutsabfüllung;lieblich;2.67;stattgegeben;;2015-09-02;Bronze;3.79;2015-11-26;
5;021067;0037;2015;W;845;0;845;102.8;10.3;6.9;107.6;0.9949;;2015;Pfalz;Grauer Burgunder;;;Qualitätswein;Weißwein;ohne Geschmacksangabe;Gutsabfüllung;;Classic;;;;;;;2015 Pfalz ;Grauer Burgunder Qualitätswein Classic ;Gutsabfüllung;halbtrocken;1.89;stattgegeben;;2015-11-06;;;;
5;021067;0038;2015;W;5240;0;5240;96.6;5.7;7.9;99.3;0.9943;;2014;Pfalz;Riesling;;;Qualitätswein;Weißwein;trocken;Gutsabfüllung;;;;;;;;;2014 Pfalz ;Riesling Qualitätswein trocken;Gutsabfüllung;trocken;2.55;stattgegeben;;2015-11-06;;;;
5;021067;0039;2015;W;4935;0;4935;92.5;17.7;8.2;100.8;0.9999;;2014;Pfalz;Riesling;;;Qualitätswein;Weißwein;ohne Geschmacksangabe;Gutsabfüllung;;;;;;;;;2014 Pfalz ;Riesling Qualitätswein ;Gutsabfüllung;halbtrocken;2.56;stattgegeben;;2015-11-06;;;;
5;021067;0040;2015;W;1150;0;1150;86.5;27.2;6.4;99.3;1.0044;;2014;Pfalz;Dornfelder;;;Qualitätswein;Rosé;ohne Geschmacksangabe;Gutsabfüllung;;;;;;;;;2014 Pfalz ;Dornfelder Rosé Qualitätswein ;Gutsabfüllung;lieblich;2.72;stattgegeben;;2015-11-06;Silber;4;2015-11-26;
5;021067;0041;2015;W;1985;0;1985;101.5;3;5.9;102.9;0.9919;;2014;Pfalz;Müller-Thurgau;;;Qualitätswein;Weißwein;trocken;Gutsabfüllung;;;;;;;;;2014 Pfalz ;Müller-Thurgau Qualitätswein trocken;Gutsabfüllung;trocken;2.42;stattgegeben;;2015-11-26;;;;
5;021067;0042;2015;W;985;0;985;91;25.1;6.2;102.8;1.0021;;2014;Pfalz;Müller-Thurgau;;;Qualitätswein;Weißwein;ohne Geschmacksangabe;Gutsabfüllung;;;;;;;;;2014 Pfalz ;Müller-Thurgau Qualitätswein ;Gutsabfüllung;lieblich;2.75;stattgegeben;;2015-11-26;;;;
5;021067;0043;2015;W;2450;0;2450;96.1;14.2;6;102.8;0.9972;;2014;Pfalz;Müller-Thurgau;;;Qualitätswein;Weißwein;halbtrocken;Gutsabfüllung;;;;;;;;;2014 Pfalz ;Müller-Thurgau Qualitätswein halbtrocken;Gutsabfüllung;halbtrocken;2.59;stattgegeben;;2015-11-26;;;;
5;021067;0044;2015;W;2835;0;2835;87.6;28.3;6.5;100.9;1.0044;;2014;Pfalz;Morio-Muskat;;;Qualitätswein;Weißwein;ohne Geschmacksangabe;Gutsabfüllung;;;;;;;;;2014 Pfalz ;Morio-Muskat Qualitätswein ;Gutsabfüllung;lieblich;2.83;stattgegeben;;2015-11-26;Bronze;3.71;2016-02-02;
5;021067;0045;2015;W;1940;0;1940;104.9;5.2;5.7;107.3;0.9956;;2014;Pfalz;Cabernet Sauvignon;;;Qualitätswein;Rotwein;ohne Geschmacksangabe;Gutsabfüllung;;;;;;;;;2014 Pfalz ;Cabernet Sauvignon Rotwein Qualitätswein ;Gutsabfüllung;trocken;2.67;stattgegeben;;2015-11-26;Bronze;3.71;2016-02-02;
5;021067;0046;2015;W;1035;0;1035;90.3;12.4;8.2;96.1;0.9981;;2014;Pfalz;Riesling;;;Qualitätswein;Weißwein;ohne Geschmacksangabe;Gutsabfüllung;;Classic;;;;;;;2014 Pfalz ;Riesling Qualitätswein Classic ;Gutsabfüllung;halbtrocken;2.5;stattgegeben;;2015-12-10;Silber;4.13;2016-02-02;
5;021067;0047;2015;W;3825;0;3825;105.9;10.4;6.9;110.8;0.9946;;2015;Pfalz;Grauer Burgunder;;;Qualitätswein;Weißwein;ohne Geschmacksangabe;Gutsabfüllung;;Classic;;;;;;;2015 Pfalz ;Grauer Burgunder Qualitätswein Classic ;Gutsabfüllung;halbtrocken;2.83;stattgegeben;;2015-12-10;Silber;4;2016-02-02;
5;021067;0001;2016;W;1740;0;1740;100;6.9;6.7;103.2;0.9944;;2015;Pfalz;Grüner Silvaner;;;Qualitätswein;Weißwein;trocken;Gutsabfüllung;;;;;;;;;2015 Pfalz ;Grüner Silvaner Qualitätswein trocken;Gutsabfüllung;trocken;2.5;stattgegeben;;2016-02-03;Bronze;3.63;2016-02-29;
5;021067;0002;2016;W;2985;0;2985;100.2;4.7;5.1;102.4;0.9944;;2014;Pfalz;Portugieser;;;Qualitätswein;Rotwein;trocken;Gutsabfüllung;;;;;;;;;2014 Pfalz ;Portugieser Rotwein Qualitätswein trocken;Gutsabfüllung;trocken;1.92;stattgegeben;;2016-02-03;;;;
5;021067;0003;2016;W;1645;0;1645;99.1;36.9;6.3;116.4;1.0076;;2015;Edesheimer Rosengarten;Gewürztraminer;;;Spätlese;Weißwein;ohne Geschmacksangabe;Gutsabfüllung;;;;;;;;;2015 Edesheimer Rosengarten Pfalz ;Gewürztraminer Spätlese ;Gutsabfüllung;lieblich;2.84;stattgegeben;;2016-02-03;Silber;4.08;2016-02-29;
5;021067;0004;2016;W;2080;0;2080;107.1;9.8;7;111.7;0.9942;;2015;Pfalz;Spätburgunder;;;Qualitätswein;blanc de noir;ohne Geschmacksangabe;Gutsabfüllung;;;;;;;;;2015 Pfalz ;Spätburgunder Qualitätswein ;Gutsabfüllung;halbtrocken;3.13;stattgegeben;;2016-02-03;Gold;4.5;2016-02-29;
5;021067;0005;2016;W;795;0;795;79.3;185.7;7.5;166.6;1.0753;;2015;Edesheimer Rosengarten;Ortega;;;Trockenbeerenauslese;Weißwein;ohne Geschmacksangabe;Gutsabfüllung;;;;;;;;;2015 Edesheimer Rosengarten Pfalz ;Ortega Trockenbeerenauslese ;Gutsabfüllung;süß;2.75;stattgegeben;;2016-02-03;Silber;4.17;2016-02-29;
5;021067;0006;2016;W;4860;0;4860;89.7;31.5;5.4;104.5;1.0073;;2015;Pfalz;Dornfelder;;;Qualitätswein;Rotwein;ohne Geschmacksangabe;Gutsabfüllung;;;;;;;;;2015 Pfalz ;Dornfelder Rotwein Qualitätswein ;Gutsabfüllung;lieblich;2;stattgegeben;;2016-03-04;;;;
5;021067;0007;2016;W;2455;0;2455;96.3;17.8;5.1;104.7;1.0028;;2014;Pfalz;Regent;;;Qualitätswein;Rotwein;ohne Geschmacksangabe;Gutsabfüllung;;;;;;;;;2014 Pfalz ;Regent Rotwein Qualitätswein ;Gutsabfüllung;lieblich;2.63;stattgegeben;;2016-03-04;Bronze;3.79;2016-07-11;
5;021067;0008;2016;W;3010;0;3010;87.8;19.2;5.6;96.8;1.0035;;2013;Pfalz;Dunkelfelder;;;Qualitätswein;Rotwein;ohne Geschmacksangabe;Gutsabfüllung;;;;;;;;;2013 Pfalz ;Dunkelfelder Rotwein Qualitätswein ;Gutsabfüllung;lieblich;2.33;stattgegeben;;2016-03-04;Bronze;3.67;2016-07-11;
5;021067;0009;2016;W;5715;0;5715;88.3;32.6;6;103.6;1.0062;;2015;Pfalz;Portugieser;;;Qualitätswein;Weißherbst;ohne Geschmacksangabe;Gutsabfüllung;;;;;;;;;2015 Pfalz ;Portugieser Weißherbst Qualitätswein ;Gutsabfüllung;lieblich;2.46;stattgegeben;;2016-03-04;Silber;4.21;2016-07-11;
5;021067;0010;2016;W;2095;0;2095;94.8;15.7;6.7;102.2;0.999;;2015;Pfalz;Grüner Silvaner;;;Qualitätswein;Weißwein;ohne Geschmacksangabe;Gutsabfüllung;;;;;;;;;2015 Pfalz ;Grüner Silvaner Qualitätswein ;Gutsabfüllung;halbtrocken;2.72;stattgegeben;;2016-03-04;Bronze;3.75;2016-07-11;
5;021067;0011;2016;W;3205;0;3205;102.6;5.3;5.3;105.1;0.9958;;2015;Pfalz;Dornfelder;;;Qualitätswein;Rotwein;trocken;Gutsabfüllung;;;;;;;;;2015 Pfalz ;Dornfelder Rotwein Qualitätswein trocken;Gutsabfüllung;trocken;2.17;stattgegeben;;2016-03-30;;;;
5;021067;0012;2016;W;1570;0;1570;103.2;9.9;7.1;107.9;0.9956;;2015;Edesheimer Ordensgut;Weißburgunder;;;Qualitätswein;Weißwein;ohne Geschmacksangabe;Gutsabfüllung;;;;;;;;;2015 Edesheimer Ordensgut Pfalz ;Weißburgunder Qualitätswein ;Gutsabfüllung;halbtrocken;2.94;stattgegeben;;2016-03-30;Silber;4.17;2016-07-11;
5;021067;0013;2016;W;5110;0;5110;84.5;30.4;5.2;98.8;1.0076;;2015;Pfalz;Portugieser;;;Qualitätswein;Rotwein;ohne Geschmacksangabe;Gutsabfüllung;;;;;;;;;2015 Pfalz ;Portugieser Rotwein Qualitätswein ;Gutsabfüllung;lieblich;1.96;stattgegeben;;2016-04-12;;;;
5;021067;0014;2016;W;4015;0;4015;99.6;12.5;6.3;105.5;0.996;;2015;Pfalz;Saint Laurent;;;Qualitätswein;Rosé;halbtrocken;Gutsabfüllung;;;;;;;;;2015 Pfalz ;Saint Laurent Rosé Qualitätswein halbtrocken;Gutsabfüllung;halbtrocken;2.88;stattgegeben;;2016-04-12;Silber;4.08;2016-07-11;
5;021067;0015;2016;W;1630;0;1630;91;29.7;6.4;105;1.0041;;2015;Pfalz;Dornfelder;;;Qualitätswein;Rosé;ohne Geschmacksangabe;Gutsabfüllung;;;;;;;;;2015 Pfalz ;Dornfelder Rosé Qualitätswein ;Gutsabfüllung;lieblich;2.34;stattgegeben;;2016-04-12;Silber;4.38;2016-07-11;
5;021067;0016;2016;W;2325;0;2325;98.2;13.8;5.5;104.7;0.9997;;2015;Pfalz;Merlot;;;Qualitätswein;Rotwein;ohne Geschmacksangabe;Gutsabfüllung;;;;;;;;;2015 Pfalz ;Merlot Rotwein Qualitätswein ;Gutsabfüllung;halbtrocken;2.12;stattgegeben;;2016-04-12;Bronze;3.71;2016-07-11;
5;021067;0017;2016;W;1530;0;1530;98.8;11.9;7.3;104.4;0.9974;;2015;Ilbesheimer Kalmit;Grüner Silvaner;;;Qualitätswein;Weißwein;ohne Geschmacksangabe;Gutsabfüllung;;;;;;;;;2015 Ilbesheimer Kalmit Pfalz ;Grüner Silvaner Qualitätswein ;Gutsabfüllung;halbtrocken;2.96;stattgegeben;;2016-05-18;Bronze;3.71;2016-07-11;
5;021067;0018;2016;W;1260;0;1260;107;4.5;7.5;109.1;0.9924;;2015;Edesheimer Ordensgut;Sauvignon blanc;;;Qualitätswein;Weißwein;ohne Geschmacksangabe;Gutsabfüllung;;;;;;;;;2015 Edesheimer Ordensgut Pfalz ;Sauvignon blanc Qualitätswein ;Gutsabfüllung;trocken;2.83;stattgegeben;;2016-05-18;Gold;4.54;2016-07-11;
5;021067;0019;2016;W;1270;0;1270;96.7;31.6;7.9;111.6;1.0059;;2015;Edesheimer Ordensgut;Weißer Burgunder;;;Spätlese;Weißwein;ohne Geschmacksangabe;Gutsabfüllung;;;;;;;;;2015 Edesheimer Ordensgut Pfalz ;Weißer Burgunder Spätlese ;Gutsabfüllung;lieblich;2.63;stattgegeben;;2016-05-18;Silber;4.21;2016-07-11;
5;021067;0020;2016;W;5135;0;5135;106.7;9.2;7.2;111;0.9946;;2015;Pfalz;Grauer Burgunder;;;Qualitätswein;Weißwein;ohne Geschmacksangabe;Gutsabfüllung;;Classic;;;;;;;2015 Pfalz ;Grauer Burgunder Qualitätswein Classic ;Gutsabfüllung;halbtrocken;2.67;stattgegeben;;2016-05-18;Bronze;3.88;2016-07-11;
5;021067;0021;2016;W;4625;0;4625;95.1;24.4;6.8;106.6;1.0016;;2015;Pfalz;Bacchus;;;Qualitätswein;Weißwein;ohne Geschmacksangabe;Gutsabfüllung;;;;;;;;;2015 Pfalz ;Bacchus Qualitätswein ;Gutsabfüllung;lieblich;2.79;stattgegeben;;2016-06-07;Silber;4.17;2016-07-11;
5;021067;0022;2016;W;4695;0;4695;97.2;5.4;8;99.7;0.9951;;2015;Pfalz;Riesling;;;Qualitätswein;Weißwein;trocken;Gutsabfüllung;;;;;;;;;2015 Pfalz ;Riesling Qualitätswein trocken;Gutsabfüllung;trocken;2.92;stattgegeben;;2016-06-07;Silber;4.13;2016-07-11;
5;021067;0023;2016;W;2445;0;2445;92.4;15.3;7.6;99.6;0.9994;;2015;Edesheimer Ordensgut;Chardonnay;;;Qualitätswein;Weißwein;ohne Geschmacksangabe;;;;;;;;;;2015 Edesheimer Ordensgut Pfalz ;Chardonnay Qualitätswein ;;halbtrocken;2.92;stattgegeben;;2016-06-07;Silber;4.13;2016-07-11;
5;021067;0024;2016;W;5305;0;5305;88.7;32.8;5;104.1;1.0058;;2015;Pfalz;Portugieser;;;Qualitätswein;Weißherbst;ohne Geschmacksangabe;Gutsabfüllung;;;;;;;;;2015 Pfalz ;Portugieser Weißherbst Qualitätswein ;Gutsabfüllung;lieblich;2.28;stattgegeben;;2016-08-05;;;;
5;021067;0025;2016;W;4060;0;4060;95.9;14.7;8;102.8;0.9988;;2015;Pfalz;Riesling;;;Qualitätswein;Weißwein;ohne Geschmacksangabe;Gutsabfüllung;;;;;;;;;2015 Pfalz ;Riesling Qualitätswein ;Gutsabfüllung;halbtrocken;2.39;stattgegeben;;2016-08-05;;;;
5;021067;0026;2016;W;1860;0;1860;102;3.4;6;103.6;0.9922;;2015;Pfalz;Müller-Thurgau;;;Qualitätswein;Weißwein;trocken;Gutsabfüllung;;;;;;;;;2015 Pfalz ;Müller-Thurgau Qualitätswein trocken;Gutsabfüllung;trocken;2.67;stattgegeben;;2016-08-05;;;;
5;021067;0027;2016;W;2108;0;2108;97.8;11.7;6.1;103.3;0.996;;2015;Pfalz;Müller-Thurgau;;;Qualitätswein;Weißwein;halbtrocken;Gutsabfüllung;;;;;;;;;2015 Pfalz ;Müller-Thurgau Qualitätswein halbtrocken;Gutsabfüllung;halbtrocken;2.83;stattgegeben;;2016-08-05;;;;
5;021067;0028;2016;W;1380;0;1380;96.9;12.3;8.2;102.7;0.998;;2015;Pfalz;Riesling;;;Qualitätswein;Weißwein;ohne Geschmacksangabe;Gutsabfüllung;;Classic;;;;;;;2015 Pfalz ;Riesling Qualitätswein Classic ;Gutsabfüllung;halbtrocken;2.78;stattgegeben;;2016-08-17;Bronze;3.88;2016-10-12;
5;021067;0029;2016;W;2205;0;2205;92.5;12.5;7.1;98.4;0.9982;;;Pfalz;;;;Qualitätswein;Weißwein;ohne Geschmacksangabe;Gutsabfüllung;;;;;;;;;Pfalz ;Qualitätswein ;Gutsabfüllung;halbtrocken;2.28;stattgegeben;;2016-08-19;;;;
5;021067;0030;2016;W;2465;0;2465;93.4;15.2;5.2;100.5;1.0023;;2015;Pfalz;Spätburgunder;;;Qualitätswein;Rotwein;ohne Geschmacksangabe;Gutsabfüllung;;;;;;;;;2015 Pfalz ;Spätburgunder Rotwein Qualitätswein ;Gutsabfüllung;halbtrocken;2.61;stattgegeben;;2016-08-17;Bronze;3.88;2016-10-12;
5;021067;0031;2016;W;1335;0;1335;90.1;27.7;6.2;103.1;1.0027;;2015;Pfalz;Morio-Muskat;;;Qualitätswein;Weißwein;ohne Geschmacksangabe;Gutsabfüllung;;;;;;;;;2015 Pfalz ;Morio-Muskat Qualitätswein ;Gutsabfüllung;lieblich;2.25;stattgegeben;;2016-10-19;Bronze;3.71;2017-02-01;
5;021067;0032;2016;W;1105;0;1105;89.7;27.6;7.1;102.7;1.0039;;2015;Pfalz;Scheurebe;;;Qualitätswein;Weißwein;ohne Geschmacksangabe;Gutsabfüllung;;;;;;;;;2015 Pfalz ;Scheurebe Qualitätswein ;Gutsabfüllung;lieblich;1.84;stattgegeben;;2016-10-19;;;;
5;021067;0033;2016;W;4380;0;4380;91.9;29.8;5.4;105.9;1.0067;;2015;Pfalz;Dornfelder;;;Qualitätswein;Rotwein;ohne Geschmacksangabe;Gutsabfüllung;;;;;;;;;2015 Pfalz ;Dornfelder Rotwein Qualitätswein ;Gutsabfüllung;lieblich;1.92;stattgegeben;;2016-10-19;;;;
5;021067;0034;2016;W;1465;0;1465;100.7;1.2;5.2;101.3;0.9959;;2014;Pfalz;Blauer Spätburgunder;;;Qualitätswein;Rotwein;trocken;Gutsabfüllung;im Fass gereift;;;;;;;;2014 Pfalz ;Blauer Spätburgunder Rotwein Qualitätswein trocken;Gutsabfüllung;trocken;2.88;stattgegeben;;2016-10-19;Bronze;3.79;2017-02-01;
5;021067;0035;2016;W;885;0;885;102.2;1;5.3;102.7;0.9952;;2014;Pfalz;Spätburgunder;;;Qualitätswein;Rotwein;trocken;Gutsabfüllung;im Barrique gereift (neue Regelung);;;;;;;;2014 Pfalz ;Spätburgunder Rotwein Qualitätswein trocken;Gutsabfüllung;trocken;3;stattgegeben;;2016-10-19;Silber;4.04;2017-02-01;
5;021067;0036;2016;W;835;0;835;109.9;8.8;6.5;114;0.9942;;2016;Pfalz;Grauer Burgunder;;;Qualitätswein;Weißwein;ohne Geschmacksangabe;Gutsabfüllung;;Classic;;;;;;;2016 Pfalz ;Grauer Burgunder Qualitätswein Classic ;Gutsabfüllung;halbtrocken;2.58;stattgegeben;;2016-11-15;;;;
5;021067;0037;2016;W;600;0;600;106.6;8.2;7.5;110.5;0.9944;;2016;Pfalz;Spätburgunder;;;Qualitätswein;blanc de noir;trocken;Gutsabfüllung;;;;;;;;;2016 Pfalz ;Spätburgunder Qualitätswein trocken;Gutsabfüllung;trocken;2.71;stattgegeben;;2016-11-15;;;;
5;021067;0038;2016;W;1290;0;1290;79.7;33.8;8.1;95.6;1.0089;;2015;Edesheimer Rosengarten;Riesling;;;Spätlese;Weißwein;ohne Geschmacksangabe;Gutsabfüllung;;;;;;;;;2015 Edesheimer Rosengarten Pfalz ;Riesling Spätlese ;Gutsabfüllung;lieblich;2.63;stattgegeben;;2016-11-15;Silber;4.33;2017-02-01;
5;021067;0039;2016;W;1540;0;1540;106.5;13.2;6.9;112.7;0.9963;;2015;Pfalz;Kerner;;;Qualitätswein;Weißwein;ohne Geschmacksangabe;Gutsabfüllung;;;;;;;;;2015 Pfalz ;Kerner Qualitätswein ;Gutsabfüllung;halbtrocken;2.71;stattgegeben;;2016-11-15;Silber;4.08;2017-02-01;
5;021067;0040;2016;W;1810;0;1810;89.4;5;7.7;91.8;0.9953;;2016;Pfalz;Riesling;;;Qualitätswein;Weißwein;trocken;Gutsabfüllung;;;;;;;;;2016 Pfalz ;Riesling Qualitätswein trocken;Gutsabfüllung;trocken;2.54;stattgegeben;;2016-12-19;Bronze;3.71;2017-02-01;
5;021067;0041;2016;W;4720;0;4720;84.2;31.7;5.2;99.1;1.0082;;2015;Pfalz;Portugieser;;;Qualitätswein;Rotwein;ohne Geschmacksangabe;Gutsabfüllung;;;;;;;;;2015 Pfalz ;Portugieser Rotwein Qualitätswein ;Gutsabfüllung;lieblich;1.73;stattgegeben;;2017-01-03;;;;
5;021067;0001;2017;W;2100;0;2100;84.6;33.2;6.2;100.2;1.0061;;2016;Pfalz;Dornfelder;;;Qualitätswein;Rosé;ohne Geschmacksangabe;Gutsabfüllung;;;;;;;;;2016 Pfalz ;Dornfelder Rosé Qualitätswein ;Gutsabfüllung;lieblich;2.92;stattgegeben;;2017-01-31;Silber;4.21;2017-03-01;
5;021067;0002;2017;W;1680;0;1680;89.8;10.2;6.9;94.6;0.9974;;2016;Pfalz;Huxelrebe;;;Qualitätswein;Weißwein;halbtrocken;Gutsabfüllung;;;;;;;;;2016 Pfalz ;Huxelrebe Qualitätswein halbtrocken;Gutsabfüllung;halbtrocken;2.5;stattgegeben;;2017-02-07;;;;
5;021067;0003;2017;W;1685;0;1685;107.9;7;7.5;111.2;0.9933;;2016;Pfalz;Spätburgunder;;;Qualitätswein;blanc de noir;trocken;Gutsabfüllung;;;;;;;;;2016 Pfalz ;Spätburgunder Qualitätswein trocken;Gutsabfüllung;trocken;2.83;stattgegeben;;2017-01-31;Gold;4.67;2017-03-01;
5;021067;0004;2017;W;1470;0;1470;94.5;4.1;7;96.4;0.9942;;2016;Edesheimer Ordensgut;Sauvignon blanc;;;Qualitätswein;Weißwein;trocken;Gutsabfüllung;;;;;;;;;2016 Edesheimer Ordensgut Pfalz ;Sauvignon blanc Qualitätswein trocken;Gutsabfüllung;trocken;2.88;stattgegeben;;2017-01-31;Bronze;3.79;2017-03-01;
5;021067;0005;2017;W;1355;0;1355;79.5;32.8;6.7;94.9;1.007;;2016;Ilbesheimer Rittersberg;Huxelrebe;;;Qualitätswein;Weißwein;ohne Geschmacksangabe;Gutsabfüllung;;;;;;;;;2016 Ilbesheimer Rittersberg Pfalz ;Huxelrebe Qualitätswein ;Gutsabfüllung;lieblich;2.92;stattgegeben;;2017-01-31;Silber;4.08;2017-03-01;
5;021067;0006;2017;W;2180;0;2180;98.2;14.1;6.9;104.8;0.9977;;2016;Edesheimer Ordensgut;Chardonnay;;;Qualitätswein;Weißwein;ohne Geschmacksangabe;Gutsabfüllung;;;;;;;;;2016 Edesheimer Ordensgut Pfalz ;Chardonnay Qualitätswein ;Gutsabfüllung;halbtrocken;2.83;stattgegeben;;2017-01-31;Silber;4.13;2017-03-01;
5;021067;0007;2017;W;4070;0;4070;80.7;31.1;6.7;95.3;1.0063;;2016;Pfalz;Portugieser;;;Qualitätswein;Weißherbst;ohne Geschmacksangabe;Gutsabfüllung;;;;;;;;;2016 Pfalz ;Portugieser Weißherbst Qualitätswein ;Gutsabfüllung;lieblich;2.33;stattgegeben;;2017-02-07;;;;
5;021067;0008;2017;W;1305;0;1305;96.1;12.4;6.4;101.9;0.9967;;2016;Pfalz;Müller-Thurgau;;;Qualitätswein;Weißwein;halbtrocken;Gutsabfüllung;;;;;;;;;2016 Pfalz ;Müller-Thurgau Qualitätswein halbtrocken;Gutsabfüllung;halbtrocken;2.39;stattgegeben;;2017-02-07;;;;
5;021067;0009;2017;W;1385;0;1385;87.2;30.3;6.5;101.4;1.0051;;2016;Pfalz;Müller-Thurgau;;;Qualitätswein;Weißwein;ohne Geschmacksangabe;Gutsabfüllung;;;;;;;;;2016 Pfalz ;Müller-Thurgau Qualitätswein ;Gutsabfüllung;lieblich;2.61;stattgegeben;;2017-02-07;;;;
5;021067;0010;2017;W;1680;0;1680;100.1;0.9;6.1;100.5;0.9914;;2016;Pfalz;Kerner;;;Qualitätswein;Weißwein;trocken;Gutsabfüllung;;;;;;;;;2016 Pfalz ;Kerner Qualitätswein trocken;Gutsabfüllung;trocken;3.58;stattgegeben;;2017-02-07;Bronze;3.88;2017-03-01;
5;021067;0011;2017;W;4205;0;4205;95.8;13.3;8;102.1;0.9977;;2016;Pfalz;Riesling;;;Qualitätswein;Weißwein;ohne Geschmacksangabe;Erzeugerabfüllung;;;;;;;;;2016 Pfalz ;Riesling Qualitätswein ;Erzeugerabfüllung;halbtrocken;3.5;stattgegeben;;2017-03-02;Silber;4.29;2017-04-06;
5;021067;0012;2017;W;3895;0;3895;109.9;9.8;6.3;114.5;0.9946;;2016;Pfalz;Grauer Burgunder;;;Qualitätswein;Weißwein;ohne Geschmacksangabe;Gutsabfüllung;;Classic;;;;;;;2016 Pfalz ;Grauer Burgunder Qualitätswein Classic ;Gutsabfüllung;halbtrocken;2.56;stattgegeben;;2017-03-02;Silber;4.04;2017-04-06;
5;021067;0013;2017;W;2670;0;2670;86.4;20.3;5.3;95.9;1.0037;;2015;Pfalz;Dunkelfelder;;;Qualitätswein;Rotwein;ohne Geschmacksangabe;Gutsabfüllung;;;;;;;;;2015 Pfalz ;Dunkelfelder Rotwein Qualitätswein ;Gutsabfüllung;lieblich;3.04;stattgegeben;;2017-03-10;Bronze;3.63;2017-04-06;
5;021067;0014;2017;W;3990;0;3990;103.8;6.6;5.3;106.9;0.9966;;2015;Pfalz;Dornfelder;;;Qualitätswein;Rotwein;trocken;Gutsabfüllung;;;;;;;;;2015 Pfalz ;Dornfelder Rotwein Qualitätswein trocken;Gutsabfüllung;trocken;2.83;stattgegeben;;2017-03-10;Bronze;3.83;2017-04-06;
5;021067;0015;2017;W;2525;0;2525;84.5;34.4;6.4;100.7;1.0085;;2016;Edesheimer Rosengarten;Gewürztraminer;;;Spätlese;Weißwein;ohne Geschmacksangabe;Gutsabfüllung;;;;;;;;;2016 Edesheimer Rosengarten Pfalz ;Gewürztraminer Spätlese ;Gutsabfüllung;lieblich;2.54;stattgegeben;;2017-05-16;Silber;4;2017-07-11;
5;021067;0016;2017;W;3255;0;3255;84.9;26.1;6.5;97.2;1.0037;;2016;Pfalz;Bacchus;;;Qualitätswein;Weißwein;ohne Geschmacksangabe;Gutsabfüllung;;;;;;;;;2016 Pfalz ;Bacchus Qualitätswein ;Gutsabfüllung;lieblich;2.46;stattgegeben;;2017-05-16;Silber;4.08;2017-07-11;
5;021067;0017;2017;W;2155;0;2155;90.8;18;6.5;99.3;0.9994;;2016;Pfalz;Grüner Silvaner;;;Qualitätswein;Weißwein;ohne Geschmacksangabe;Gutsabfüllung;;;;;;;;;2016 Pfalz ;Grüner Silvaner Qualitätswein ;Gutsabfüllung;lieblich;2.71;stattgegeben;;2017-05-16;Bronze;3.83;2017-07-11;
5;021067;0018;2017;W;1615;0;1615;96.7;4.9;6.5;99;0.9935;;2016;Pfalz;Grüner Silvaner;;;Qualitätswein;Weißwein;trocken;Gutsabfüllung;;;;;;;;;2016 Pfalz ;Grüner Silvaner Qualitätswein trocken;Gutsabfüllung;trocken;2.71;stattgegeben;;2017-05-16;Bronze;3.88;2017-07-11;
5;021067;0019;2017;W;2330;0;2330;92.4;3.9;5.2;94.2;0.9958;;2016;Pfalz;Portugieser;;;Qualitätswein;Rotwein;trocken;Gutsabfüllung;;;;;;;;;2016 Pfalz ;Portugieser Rotwein Qualitätswein trocken;Gutsabfüllung;trocken;2.28;stattgegeben;;2017-05-16;;;;
5;021067;0020;2017;W;2120;0;2120;85;34;5.2;101;1.0062;;2016;Pfalz;Morio-Muskat;;;Qualitätswein;Weißwein;ohne Geschmacksangabe;Gutsabfüllung;;;;;;;;;2016 Pfalz ;Morio-Muskat Qualitätswein ;Gutsabfüllung;lieblich;2.38;stattgegeben;;2017-05-16;Silber;4;2017-07-11;
5;021067;0021;2017;W;1380;0;1380;88.8;20.3;6.7;98.3;1.0014;;2016;Pfalz;Scheurebe;;;Qualitätswein;Weißwein;ohne Geschmacksangabe;Gutsabfüllung;;;;;;;;;2016 Pfalz ;Scheurebe Qualitätswein ;Gutsabfüllung;lieblich;2.5;stattgegeben;;2017-05-16;Bronze;3.83;2017-07-11;
5;021067;0022;2017;W;1615;0;1615;96.6;5.8;7.5;99.3;0.9941;;2016;Pfalz;Riesling;;;Qualitätswein;Weißwein;trocken;Gutsabfüllung;;;;;;;;;2016 Pfalz ;Riesling Qualitätswein trocken;Gutsabfüllung;trocken;2.75;stattgegeben;;2017-05-16;;;;
5;021067;0023;2017;W;2860;0;2860;95.5;26.8;6.9;108.1;1.0027;;;Pfalz;;;;Qualitätswein;Weißwein;lieblich;Gutsabfüllung;;;;;;;;;Pfalz ;Qualitätswein lieblich;Gutsabfüllung;lieblich;2.38;stattgegeben;;2017-06-13;;;;
5;021067;0024;2017;W;2405;0;2405;90.5;14.3;6.7;97.2;0.9993;;2016;Pfalz;Saint Laurent;;;Qualitätswein;Rosé;halbtrocken;Gutsabfüllung;;;;;;;;;2016 Pfalz ;Saint Laurent Rosé Qualitätswein halbtrocken;Gutsabfüllung;halbtrocken;2.83;stattgegeben;;2017-06-13;Bronze;3.88;2017-07-11;
5;021067;0025;2017;W;2990;0;2990;89.7;30.1;5.3;103.8;1.007;;2015;Pfalz;Dornfelder;;;Qualitätswein;Rotwein;ohne Geschmacksangabe;Gutsabfüllung;;;;;;;;;2015 Pfalz ;Dornfelder Rotwein Qualitätswein ;Gutsabfüllung;lieblich;2.37;stattgegeben;;2017-06-13;;;;
5;021067;0026;2017;W;1220;0;1220;99.7;13.2;5.3;105.9;0.9987;;2016;Pfalz;Merlot;;;Qualitätswein;Rotwein;ohne Geschmacksangabe;Gutsabfüllung;;;;;;;;;2016 Pfalz ;Merlot Rotwein Qualitätswein ;Gutsabfüllung;halbtrocken;2.5;stattgegeben;;2017-06-13;Silber;4.38;2017-07-11;
5;021067;0027;2017;W;855;0;855;105.8;5.1;6.3;108.2;0.9925;;2016;Edesheimer Ordensgut;Weißburgunder;;;Qualitätswein;Weißwein;trocken;Gutsabfüllung;;;;;;;;;2016 Edesheimer Ordensgut Pfalz ;Weißburgunder Qualitätswein trocken;Gutsabfüllung;trocken;2.75;stattgegeben;;2017-06-13;Bronze;3.83;2017-07-11;
5;021067;0028;2017;W;3865;0;3865;80.5;32.1;6.6;95.6;1.0066;;2016;Pfalz;Portugieser;;;Qualitätswein;Weißherbst;ohne Geschmacksangabe;Gutsabfüllung;;;;;;;;;2016 Pfalz ;Portugieser Weißherbst Qualitätswein ;Gutsabfüllung;lieblich;3.13;stattgegeben;;2017-07-07;;;;
5;021067;0029;2017;W;3295;0;3295;95;6.8;7.5;98.2;0.9946;;2016;Pfalz;Riesling;;;Qualitätswein;Weißwein;trocken;Gutsabfüllung;;;;;;;;;2016 Pfalz ;Riesling Qualitätswein trocken;Gutsabfüllung;trocken;3.04;stattgegeben;;2017-07-07;;;;
5;021067;0030;2017;W;4745;0;4745;109.7;8.7;6.1;113.8;0.9937;;2016;Pfalz;Grauer Burgunder;;;Qualitätswein;Weißwein;ohne Geschmacksangabe;Gutsabfüllung;;Classic;;;;;;;2016 Pfalz ;Grauer Burgunder Qualitätswein Classic ;Gutsabfüllung;halbtrocken;2.75;stattgegeben;;2017-07-19;;;;
5;021067;0031;2017;W;1435;0;1435;92.8;17.3;5.4;100.9;1.0021;;2015;Pfalz;Regent;;;Qualitätswein;Rotwein;ohne Geschmacksangabe;Gutsabfüllung;;;;;;;;;2015 Pfalz ;Regent Rotwein Qualitätswein ;Gutsabfüllung;lieblich;2.17;stattgegeben;;2017-07-19;;;;
5;021067;0032;2017;W;1580;0;1580;87.2;13.6;7.8;93.6;0.9993;;2016;Pfalz;Riesling;;;Kabinett;Weißwein;halbtrocken;Gutsabfüllung;;;;;;;;;2016 Pfalz ;Riesling Kabinett halbtrocken;Gutsabfüllung;halbtrocken;2.79;stattgegeben;;2017-07-19;;;;
